accuracy,precision,recall,f1,roc_auc
0.6123726112643766,0.7917167056756055,0.6123726112643766,0.6299305638708736,0.7043781855761104
