accuracy,precision,recall,f1,roc_auc
0.6536550745209369,0.6246115860233528,0.6536550745209369,0.636737733519008,0.5166472913275982
