accuracy,precision,recall,f1,roc_auc
0.7345635202271115,0.539583565248446,0.7345635202271115,0.6221548636948121,0.5
