accuracy,precision,recall,f1,roc_auc
0.6103619588360539,0.6046178333922521,0.6103619588360539,0.6074182141495768,0.493155338551758
