accuracy,precision,recall,f1,roc_auc
0.6053938963804116,0.6040412887102428,0.6053938963804116,0.6047136539033868,0.4923351158645277
