accuracy,precision,recall,f1,roc_auc
0.6181689141234918,0.6115374955035375,0.6181689141234918,0.6147509246198126,0.5018845746467229
