accuracy,precision,recall,f1,roc_auc_score
0.7345635202271115,0.539583565248446,0.7345635202271115,0.6221548636948121,<function roc_auc_score at 0x115050680>
