accuracy,precision,recall,f1,roc_auc
0.6238466997870831,0.6173218527190654,0.6238466997870831,0.6204795354061351,0.5091645353793691
