accuracy,precision,recall,f1
0.7345635202271115,0.7345635202271115,1.0,0.6221548636948121
