accuracy,precision,recall,f1,roc_auc
0.5982966643009227,0.7928167402210732,0.5982966643009227,0.6148005831947327,0.6983944302358625
