accuracy,precision,recall,f1,roc_auc
0.6111079415162466,0.6133374716735853,0.6187400807878947,0.6004099359693091,
