accuracy,precision,recall,f1,roc_auc
0.5933286018452804,0.6004782804019593,0.5933286018452804,0.5967973646159169,0.4875377819111834
