accuracy,precision,recall,f1,roc_auc
0.7346467539058252,0.5397058619069178,0.7346467539058252,0.6222660086399386,
