accuracy,precision,recall,f1,roc_auc
0.8672817601135557,0.7149425287356321,0.8315508021390374,0.7688504326328801,0.8558720194270066
