accuracy,precision,recall,f1,roc_auc
0.9515431515563785,0.932887164169274,0.8816152125279642,0.9060660305532237,0.977358486745743
