accuracy,precision,recall,f1,roc_auc
0.9524334555257423,0.9309457576720014,0.8943266219239373,0.9083286754807022,0.9792384434569129
