accuracy,precision,recall,f1,roc_auc
0.9488999290276792,0.9660493827160493,0.8368983957219251,0.8968481375358166,0.9131351881991268
