accuracy,precision,recall,f1
0.9343389529724934,0.8279883381924198,0.9498327759197325,0.8847352024922118
