accuracy,precision,recall,f1,roc_auc
0.9513655316629505,0.9309670804751093,0.8816152125279642,0.9054403640050543,0.9771907789683999
