accuracy,precision,recall,f1,roc_auc
0.9638041163946061,0.9424657534246575,0.9197860962566845,0.9309878213802436,0.9497481205921104
