accuracy,precision,recall,f1,roc_auc
0.9511882266984115,0.9321931418795069,0.8816196868008948,0.9050682820048174,0.9772306246661442
