accuracy,precision,recall,f1,roc_auc
0.9601065380436223,0.9259524314756555,0.874001947419669,0.8991067635540159,0.9776575727108339
