accuracy,precision,recall,f1,roc_auc
0.9609652235628106,0.9393939393939394,0.9117647058823529,0.9253731343283582,0.9452543336175048
