accuracy,precision,recall,f1,roc_auc
0.8616039744499645,0.693304535637149,0.8582887700534759,0.7670250896057348,0.8605453512103128
