accuracy,precision,recall,f1,roc_auc
0.8516678495386799,0.6766595289079229,0.8449197860962567,0.751486325802616,0.8495130331447468
