accuracy,precision,recall,f1,roc_auc
0.85569989796304,0.6877288968810908,0.8368053691275168,0.7545612889117015,0.9087221551533989
