accuracy,precision,recall,f1,roc_auc
0.8774792621842951,0.6490646942966888,0.8601103537812399,0.7397223861538726,0.9400195550088115
