accuracy,precision,recall,f1,roc_auc
0.8452803406671399,0.6460674157303371,0.9224598930481284,0.7599118942731278,0.8699255986979771
