accuracy,precision,recall,f1,roc_auc
0.8549916228915511,0.6864765690512028,0.8361655480984339,0.7537979598101421,0.9089048489136721
