accuracy,precision,recall,f1,roc_auc
0.8552164655784245,0.6855895196506551,0.839572192513369,0.7548076923076923,0.8502208788653802
