accuracy,precision,recall,f1,roc_auc
0.8750887154009936,0.8055555555555556,0.6978609625668449,0.7478510028653295,0.8184956986747267
