accuracy,precision,recall,f1,roc_auc
0.8679525213206858,0.7827220668919647,0.6963982102908277,0.736449550698693,0.9108240025893851
