accuracy,precision,recall,f1,roc_auc
0.8654633233815805,0.7779329998320804,0.691642058165548,0.731722355944935,0.9100618141260968
