accuracy,precision,recall,f1,roc_auc
0.8630234208658624,0.8290909090909091,0.6096256684491979,0.7026194144838213,0.7821075202149371
