accuracy,precision,recall,f1,roc_auc
0.8765081618168914,0.8184713375796179,0.6871657754010695,0.747093023255814,0.8160466558164767
