accuracy,precision,recall,f1,roc_auc
0.8826345639095752,0.760127904893168,0.6145407335280754,0.6787863494176422,0.9031983488812807
