accuracy,precision,recall,f1,roc_auc
0.7984386089425124,0.6923076923076923,0.43315508021390375,0.5328947368421053,0.6817949314112997
