accuracy,precision,recall,f1,roc_auc
0.820845148808735,0.6155318283912636,0.30920155793573517,0.4110815794241188,0.8004312190747511
