accuracy,precision,recall,f1,roc_auc
0.7955997161107168,0.6482758620689655,0.5026737967914439,0.5662650602409639,0.7020615360768814
