accuracy,precision,recall,f1,roc_auc
0.7970191625266146,0.6896551724137931,0.42780748663101603,0.528052805280528,0.6791211346198558
