accuracy,precision,recall,f1,roc_auc
0.789673796656715,0.6589269663589417,0.43145861297539156,0.5208755548792733,0.8134088745738952
