accuracy,precision,recall,f1,roc_auc
0.7905609513371881,0.6616667846523671,0.43282774049217004,0.5226730921085725,0.8128474954138454
