accuracy,precision,recall,f1,roc_auc
0.9680624556422995,0.9482288828337875,0.93048128342246,0.9392712550607287,0.9943139838280504
