accuracy,precision,recall,f1,roc_auc
0.9626785572310709,0.9264119822945031,0.8866926322622526,0.9055126704841543,0.9895913646097594
