accuracy,precision,recall,f1,roc_auc
0.952608241059169,0.9163400600450906,0.9043489932885904,0.9101333323482743,0.9891611511260509
