accuracy,precision,recall,f1,roc_auc
0.9354151880766501,0.9300911854103343,0.8181818181818182,0.8705547652916074,0.9697744710532434
