accuracy,precision,recall,f1,roc_auc
0.9609652235628106,0.9276139410187667,0.9251336898395722,0.9263721552878179,0.9926296210183678
