accuracy,precision,recall,f1,roc_auc
0.9616749467707594,0.9301075268817204,0.9251336898395722,0.9276139410187667,0.992585703583146
