accuracy,precision,recall,f1,roc_auc
0.9499515009510852,0.909706338908918,0.9010335570469798,0.9052350327361502,0.9880712368247246
