accuracy,precision,recall,f1,roc_auc
0.7998580553584103,0.838302660388388,0.7998580553584103,0.809040262834168,0.8108321062285256
