accuracy,precision,recall,f1,roc_auc
0.8097941802696949,0.8421242222500162,0.8097941802696949,0.817889225601306,0.8158877780361157
