accuracy,precision,recall,f1,roc_auc
0.7951170063339782,0.8514195879432347,0.7951170063339782,0.8106285177397898,0.8847492567571894
