accuracy,precision,recall,f1,roc_auc
0.7891396772608746,0.825827659506411,0.7891396772608746,0.7985020502838396,0.8694182893174229
