accuracy,precision,recall,f1,roc_auc
0.8034066713981547,0.8358086823225755,0.8034066713981547,0.8117348146262738,0.8072709189077475
