accuracy,precision,recall,f1,roc_auc
0.7889541841452201,0.8265723909681307,0.7889541841452201,0.7984076539643467,0.8700570422434408
