accuracy,precision,recall,f1,roc_auc
0.7899219304471257,0.8374958671668762,0.7899219304471257,0.8004115399076847,0.8091916608540648
