accuracy,precision,recall,f1,roc_auc
0.8353442157558553,0.6517094017094017,0.8155080213903744,0.7244655581947743,0.8290100493425302
