accuracy,precision,recall,f1,roc_auc
0.8005677785663591,0.8361625743493715,0.8005677785663591,0.8093971898718616,0.8078999715828359
