accuracy,precision,recall,f1,roc_auc
0.7778566359119943,0.8447654053055597,0.7778566359119943,0.7901854476066345,0.8154938128083908
