accuracy,precision,recall,f1,roc_auc
0.788934089523759,0.8559816788728376,0.788934089523759,0.8061657487018803,
