accuracy,precision,recall,f1,roc_auc
0.791801771160072,0.8306558269866962,0.791801771160072,0.8012990468340495,
