accuracy,precision,recall,f1,roc_auc
0.7917935830089566,0.8304395628778357,0.7917935830089566,0.801233030368216,
