accuracy,precision,recall,f1,roc_auc
0.9382307924870563,0.9510061839822033,0.8093512304250557,0.874158862491425,0.9683873728011507
