accuracy,precision,recall,f1,roc_auc
0.9488999290276792,0.968944099378882,0.8342245989304813,0.896551724137931,0.9122813815908444
