accuracy,precision,recall,f1,roc_auc
0.9352144035876698,0.9441201423413871,0.803986577181208,0.8678348192245323,0.9686897429474175
