accuracy,precision,recall,f1,roc_auc
0.9545777146912704,0.990506329113924,0.8368983957219251,0.9072463768115943,0.9169999224986438
