accuracy,precision,recall,f1,roc_auc
0.9439318665720369,0.9773462783171522,0.8074866310160428,0.8843338213762811,0.9003616729959442
