accuracy,precision,recall,f1,roc_auc
0.9482647814910026,1.0,0.7442875689711133,0.8528969359610767,0.9698448686792849
