accuracy,precision,recall,f1,roc_auc
0.9311568488289567,1.0,0.7406417112299465,0.8509984639016898,0.8703208556149733
