accuracy,precision,recall,f1,roc_auc
0.7040454222853088,0.4726810673443456,0.9946524064171123,0.6408268733850129,0.7968431114211165
