accuracy,precision,recall,f1,roc_auc
0.9552874378992193,0.8820638820638821,0.9598930481283422,0.9193341869398207,0.9567581182670696
