accuracy,precision,recall,f1,roc_auc
0.9559852235365256,0.9515838221792945,0.8789619686800896,0.9136844529872196,0.9877759955997828
