accuracy,precision,recall,f1,roc_auc
0.9575285559059707,0.9672899779199995,0.8179649464459592,0.8858217655282079,0.987463043701671
