accuracy,precision,recall,f1,roc_auc
0.9550977539271631,0.9545560148745432,0.8722639821029082,0.9113755919254884,0.9878942830226357
