accuracy,precision,recall,f1,roc_auc
0.9638041163946061,0.9681159420289855,0.893048128342246,0.9290681502086231,0.9412100545092873
