accuracy,precision,recall,f1,roc_auc
0.9098651525904897,0.9695817490494296,0.6818181818181818,0.8006279434850864,0.837044356609574
