accuracy,precision,recall,f1,roc_auc
0.9638041163946061,0.9654178674351584,0.8957219251336899,0.9292649098474342,0.9420638611175696
