accuracy,precision,recall,f1,roc_auc
0.9545777146912704,0.9696969696969697,0.8556149732620321,0.9090909090909091,0.9229765687566198
