accuracy,precision,recall,f1,roc_auc
0.9680889407150239,0.9517428402738586,0.8880720545277507,0.9182678957560005,0.9913896416953143
