accuracy,precision,recall,f1,roc_auc
0.9600670168675915,0.9391629535921648,0.9083892617449664,0.9234620380969346,0.9908716256407224
