accuracy,precision,recall,f1,roc_auc
0.9597086277918445,0.9412763889869937,0.9050290827740494,0.9226616811133768,0.9907567608474663
